Sold Date,eBay Order Number,Source Order Number,Quantity,Sale,Earning,Source Price,Profit,ROI,,,,,,,,,
01/08/2026,08-14975-45289,3075143775921923,1,15.75,12.76,9.46,3.3,20.95,,,,,,,,,
01/08/2026,07-14977-70214,3075299087301923,1,15.25,12.6,8.06,4.54,29.77,Retunred and Refunded,,,,,,,,
01/08/2026,24-14962-82129,8213880952095562,1,7.85,6.28,2.23,4.05,51.59,,,,,,,,,
01/08/2026,17-14960-13516,1121997622826908,1,8.85,7.64,5,2.64,29.83,,,Index No.,Refund/Replacement,Recovered,Loss,Label Charges,Recovered Type,Column 1
01/08/2026,10-14972-32319,1122043310566908,1,12.99,10.44,5.02,5.42,41.72,,,167(June),44.7,40.59,-4.11,0,,"Partially refunded initially, later the buyer returned the item for full refund."
01/08/2026,16-14962-16247,1122032362746908,1,6.59,5.07,2.16,2.91,44.16,,,42(June),30.62,20.69,-9.93,0,,
01/08/2026,15-14964-06440,1121997626766908,1,5.75,4.37,1.18,3.19,55.48,,,135(July),21.72,15.29,-6.43,,,
01/08/2026,24-14963-81848,3075297714081923,1,26.99,21.9,15.93,5.97,22.12,,,28,7.64,4.91,-2.73,,,
01/08/2026,21-14954-19100,1122153996236908,1,9.99,8.16,3.3,4.86,48.65,,,3,12.6,8.06,-4.54,1.53,,
01/08/2026,25-14947-87353,3074999844111923,2,45.98,36.45,23.87,12.58,27.36,,,32,18.96,14.29,-4.67,1.53,,
02/08/2026,24-14966-21331,3075313953601923,1,15.39,11.91,8.5,3.41,22.16,,,118(July),10.28,6.29,-3.99,0,,
02/08/2026,12-14972-56846,3075314352671923,1,11.85,9.48,4.23,5.25,44.30,Returned and Refunded,,35,6.28,0.8,-5.48,,,
02/08/2026,07-14981-51281,1122013462366908,1,10.99,8.5,6.49,2.01,18.29,,,37,1.73,0,-1.73,,,
02/08/2026,16-14966-07473,1122059476066908,1,16.75,13.59,11.81,1.78,10.63,,,11(Aug),0,2.11,2.11,,,br_zone ... Recovered missing part loss
02/08/2026,23-14954-24684,1122170872036908,1,11.85,9.06,5.22,3.84,32.41,,,13,9.48,4.23,-5.25,,,
02/08/2026,02-14991-48800,3075199944101923,1,3.35,2.74,1.74,1,29.85,,,105,4.42,2.96,-1.46,,,
02/08/2026,02-14991-61839,3075465971581923,3,68.97,54.94,39.84,15.1,21.89,,,81,5.72,6.03,0.31,,,
,,3075327244021923,,,,,,,,,Sum,174.15,126.25,-47.9,3.06,,
,,3075324113581923,,,,,,,,,Loss,,,-50.96,,,
02/08/2026,19-14962-05498,3075618140231923,1,12.25,9.82,4.25,5.57,45.47,,,,,,,,,
02/08/2026,19-14962-35718,3075327965521923,2,21.98,16.26,7.34,8.92,40.58,,,,,,,,,
02/08/2026,21-14958-81362,8213489004455562,1,26.89,21.9,14.89,7.01,26.07,,,,,,,,,
02/08/2026,06-14985-92607,8213619507495562,2,28.7,22.44,11.3,11.14,38.82,,,,,,,,,
03/08/2026,08-14982-62602,8213489089835562,1,21.99,18.37,9.69,8.68,39.47,,,,,,,,,
03/08/2026,08-14983-77422,3075044964581923,1,11.85,9.48,4.12,5.36,45.23,,,,,,,,,
03/08/2026,23-14957-90723,3075782077881923,1,14.39,12.15,7.47,4.68,32.52,,,,,,,,,
03/08/2026,27-14952-88182,3075351727041923,1,8.85,7.64,4.91,2.73,30.85,Refunded,,,,,,,,
03/08/2026,20-14965-10793,3075046008141923,1,11.85,9.48,4.12,5.36,45.23,,,,,,,,,
03/08/2026,09-14985-11574,3075351158801923,1,13.35,10.49,5.5,4.99,37.38,,,,,,,,,
03/08/2026,14-14976-54689,3075233709641923,1,12.99,10.28,6.5,3.78,29.10,,,,,,,,,
03/08/2026,05-14993-32482,8213637508655562,1,22.99,18.96,14.29,4.67,20.31,Returned and Refunded,,,,,,,,
04/08/2026,10-14985-49769,3075255302031923,1,12.85,10.33,7,3.33,25.91,,,,,,,,,
04/08/2026,06-14993-60918,3075220418721923,1,12.99,10.28,6.72,3.56,27.41,,,,,,,,,
04/08/2026,27-14956-91927,3075807594791923,1,7.85,6.28,2.12,4.16,52.99,,,,,,,,,
04/08/2026,19-14972-01613,3075374354101923,1,12.75,10.31,5.06,5.25,41.18,,,,,,,,,
04/08/2026,03-15000-24997,8213522765315562,3,38.97,30.2,19.17,11.03,28.30,Partial Refund: 1.73(Missing Part),,,,,,,,
04/08/2026,07-14993-55418,8213972955675562,1,18.75,15.51,8.99,6.52,34.77,,,,,,,,,
04/08/2026,25-14962-08922,3075669501601923,1,12.85,10.33,7,3.33,25.91,,,,,,,,,
04/08/2026,26-14960-54593,8212882812385562,2,25.7,20.05,12.92,7.13,27.74,,,,,,,,,
05/08/2026,02-15005-89626,3075246098201923,1,12.99,10.44,5.28,5.16,39.72,,,,,,,,,
05/08/2026,18-14977-49337,8213548365645562,1,39.99,33.82,19.58,14.24,35.61,,,,,,,,,
06/08/2026,02-15008-19853,3075290828551923,1,11.85,9.48,4.5,4.98,42.03,,,,,,,,,
06/08/2026,07-15000-22519,3075108727281923,1,11.99,9.45,4.32,5.13,42.79,,,,,,,,,
06/08/2026,13-14990-48571,8213856138455562,1,14.99,11.95,8.16,3.79,25.28,,,,,,,,,
06/08/2026,15-14986-65122,3075859913711923,1,11.79,8.02,4.2,3.82,32.40,,,,,,,,,
06/08/2026,26-14968-45911,3075122165301923,1,11.99,9.37,4.79,4.58,38.20,,,,,,,,,
06/08/2026,02-15011-87710,3075719665161923,1,4.75,3.49,1.69,1.8,37.89,,,,,,,,,
06/08/2026,25-14971-12761,3075274819761923,1,11.99,9.31,6.04,3.27,27.27,,,,,,,,,
06/08/2026,22-14976-56422,8213724868645562,1,24.15,20.24,13.96,6.28,26.00,,,,,,,,,
06/08/2026,09-14999-52545,3075131209721923,1,15.99,13.24,7.93,5.31,33.21,,,,,,,,,
07/08/2026,25-14972-64714,8213873413235562,1,18.15,14.57,12.69,1.88,10.36,,,,,,,,,
07/08/2026,26-14970-89015,8213200832765562,1,21.99,18.37,9.69,8.68,39.47,,,,,,,,,
07/08/2026,11-14997-65770,8213039625545562,1,15.85,11.97,8.65,3.32,20.95,,,,,,,,,
07/08/2026,19-14984-09268,3075455649791923,1,12.99,10.28,6.5,3.78,29.10,,,,,,,,,
07/08/2026,05-15009-83713,3075331300591923,1,6.59,5.07,2.16,2.91,44.16,,,,,,,,,
07/08/2026,22-14980-70002,8213621004805562,1,19.99,17.05,11.99,5.06,25.31,,,,,,,,,
08/08/2026,19-14987-83566,3075350742501923,1,12.85,10.33,5.99,4.34,33.77,,,,,,,,,
08/08/2026,06-15011-46869,8213908532195562,1,15.85,12.84,9.69,3.15,19.87,,,,,,,,,
08/08/2026,16-14994-16172,8214075274225562,1,21.99,18.37,9.39,8.98,40.84,,,,,,,,,
08/08/2026,07-15010-55962,3075350742501923,1,19.99,17.05,11.99,5.06,25.31,,,,,,,,,
08/08/2026,25-14979-20021,3075619177281923,1,12.85,9.71,4.92,4.79,37.28,,,,,,,,,
08/08/2026,12-15002-18799,3075622691291923,1,12.85,10.33,7.15,3.18,24.75,,,,,,,,,
09/08/2026,17-14996-13704,3075924954481923,1,8.99,7.35,2.44,4.91,54.62,,,,,,,,,
09/08/2026,08-15012-04838,8213086504705562,1,14.99,11.95,8.62,3.33,22.21,,,,,,,,,
09/08/2026,08-15012-37918,3075339374681923,1,11.85,9.2,5.69,3.51,29.62,,,,,,,,,
09/08/2026,14-15002-83955,3075380503371923,1,5.99,5,2.16,2.84,47.41,,,,,,,,,
10/08/2026,20-14992-55576,8213016493405562,1,16.75,13.59,11.84,1.75,10.45,,,,,,,,,
10/08/2026,14-15004-73910,8213951417175562,1,40.99,34,24.79,9.21,22.47,,,,,,,,,
10/08/2026,21-14992-27344,3075652535281923,1,8.75,7.34,3.46,3.88,44.34,,,,,,,,,
10/08/2026,21-14992-38383,3075653733121923,1,11.49,9.18,4.79,4.39,38.21,,,,,,,,,
10/08/2026,02-15026-82190,8213677480535562,1,26.99,21.71,16.19,5.52,20.45,,,,,,,,,
10/08/2026,19-14996-66807,3075803587221923,1,12.99,10.28,6.89,3.39,26.10,,,,,,,,,
10/08/2026,26-14985-99212,3075363295271923,1,12.25,9.82,4.92,4.9,40.00,,,,,,,,,
10/08/2026,07-15020-23132,202-0647810-4135562,1,11.99,9.63,5.09,4.54,37.86,,,,,,,,,
10/08/2026,17-15002-42921,3075219681401923,1,11.49,8.95,4.89,4.06,35.34,,,,,,,,,
10/08/2026,15-15006-26333,8214142551825562,1,18.99,15.26,11.89,3.37,17.75,,,,,,,,,
11/08/2026,01-15033-89080,3075404586541923,1,8.85,7.64,6.29,1.35,15.25,,,,,,,,,
11/08/2026,01-15033-98876,3075530602501923,1,11.99,9.37,4.79,4.58,38.20,,,,,,,,,
11/08/2026,14-15010-21104,3075416587181923,1,10.99,8.5,6.59,1.91,17.38,,,,,,,,,
11/08/2026,08-15021-06294,3075541245901923,1,11.49,9.18,6.03,3.15,27.42,Replaced,,,,,,,,
11/08/2026,26-14990-20182,8213985891575562,1,25.85,21.26,12.41,8.85,34.24,,,,,,,,,
11/08/2026,19-15003-21029,8213309390375562,2,42.24,35.76,22.6,13.16,31.16,,,,,,,,,
12/08/2026,08-15024-61036,8213330914475562,1,21.49,17.58,12.39,5.19,24.15,,,,,,,,,
12/08/2026,20-15004-40360,3075405131451923,1,11.85,9.48,4.69,4.79,40.42,,,,,,,,,
12/08/2026,27-14992-81873,3075258805991923,1,16.99,13.9,6.2,7.7,45.32,,,,,,,,,
12/08/2026,06-15030-15621,8213856784135562,1,14.99,11.95,8.14,3.81,25.42,,,,,,,,,
12/08/2026,20-15005-08210,3075701497961923,1,11.99,9.45,4.74,4.71,39.28,,,,,,,,,
12/08/2026,22-15002-39234,8214012933785562,1,21.49,17.58,12.09,5.49,25.55,,,,,,,,,
13/08/2026,17-15013-11520,3075450660301923,1,9.99,7.73,4.25,3.48,34.83,,,,,,,,,
13/08/2026,03-15038-27903,8213748448265562,1,15.85,11.97,8.99,2.98,18.80,,,,,,,,,
13/08/2026,09-15028-69644,202-4447176-1749927,1,11.99,9.63,5.09,4.54,37.86,,,,,,,,,
13/08/2026,09-15028-59951,8213145603255562,1,47.75,39.11,31.69,7.42,15.54,,,,,,,,,
13/08/2026,"22-15006-41600",8214036290785562,1,17.99,14.66,11.29,3.37,18.73,,,,,,,,,
13/08/2026,02-15042-40782,3075584753121923,1,8.99,6.87,4.19,2.68,29.81,,,,,,,,,
14/08/2026,26-15001-12017,3075883664091923,1,8.85,7.08,4.99,2.09,23.62,,,,,,,,,
14/08/2026,12-15026-10089,3075601797321923,1,11.85,9.48,4.42,5.06,42.70,,,,,,,,,
14/08/2026,10-15030-10561,3075468987381923,1,11.85,9.48,4.69,4.79,40.42,,,,,,,,,
14/08/2026,17-15018-34154,8213771082915562,1,15.75,12.76,10.09,2.67,16.95,,,,,,,,,
14/08/2026,19-15015-14165,3075893105031923,1,11.85,9.48,4.5,4.98,42.03,,,,,,,,,
14/08/2026,15-15022-41528,3075896143631923,1,12.85,10.33,5.93,4.4,34.24,,,,,,,,,
14/08/2026,18-15017-62167,3075742218621923,1,16.49,13.78,7.69,6.09,36.93,,,,,,,,,
15/08/2026,05-15044-36036,8214099491515562,1,14.85,12.01,7.51,4.5,30.30,,,,,,,,,
16/08/2026,13-15032-84831,8214265751765562,1,17.85,14.11,8.39,5.72,32.04,,,,,,,,,
16/08/2026,06-15046-42077,1122255942706908,1,24.15,21.24,12.79,8.45,34.99,Partially refunded: damaged item delivered,,,,,,,,
16/08/2026,23-15016-04898,1122280143656908,1,11.85,9.45,4.09,5.36,45.23,,,,,,,,,
16/08/2026,06-15047-71373,3076086950911923,2,17.98,14.3,7.02,7.28,40.49,,,,,,,,,
16/08/2026,23-15017-59678,3075955269821923,1,11.85,9.48,4.61,4.87,41.10,,,,,,,,,
17/08/2026,27-15012-75736,8213239367685562,1,33.99,28.11,19.27,8.84,26.01,,,,,,,,,
17/08/2026,08-15046-74309,3076121990381923,1,9.99,7.73,3.28,4.45,44.54,,,,,,,,,
17/08/2026,02-15058-50858,3075681796251923,1,12.69,9.79,3.25,6.54,51.54,,,,,,,,,
17/08/2026,02-15060-36315,8213227530785562,1,15.85,11.97,8.15,3.82,24.10,,,,,,,,,
18/08/2026,13-15042-69742,3075556652641923,1,9.49,7.1,3.89,3.21,33.83,,,,,,,,,
18/08/2026,04-15060-01638,8214019026685562,1,37.69,31.22,22,9.22,24.46,,,,,,,,,
19/08/2026,24-15040-54687,8214194219365562,1,28.99,24.25,13.93,10.32,35.60,,,,,,,,,
19/08/2026,17-15038-78301,3075876130681923,1,9.85,8.17,2.59,5.58,56.65,,,,,,,,,
19/08/2026,07-15057-15451,8213264337105562,1,26.99,23.33,13.2,10.13,37.53,,,,,,,,,
19/08/2026,04-15063-38929,3075632027871923,1,9.85,7.93,4.19,3.74,37.97,,,,,,,,,
19/08/2026,14-15045-73700,8214377679465562,1,14.99,11.95,8.49,3.46,23.08,,,,,,,,,
19/08/2026,07-15058-49683,3075632822771923,1,12.85,10.64,7.4,3.24,25.21,,,,,,,,,
20/08/2026,15-15046-97976,8213346804585562,1,26.99,23.33,11.27,12.06,44.68,,,,,,,,,
21/08/2026,19-15044-42938,3075808444101923,1,11.79,8.02,4.16,3.86,32.74,,,,,,,,,
21/08/2026,16-15050-55425,3075808761121923,1,29.99,24.03,13.44,10.59,35.31,,,,,,,,,
21/08/2026,03-15075-05210,1122397563526908,2,35.7,28.7,16.5,12.2,34.17,,,,,,,,,
21/08/2026,14-15055-33643,1122326882626908,1,21.99,18.37,6.75,11.62,52.84,,,,,,,,,
22/08/2026,23-15041-61479,3075835962951923,2,105.98,87.38,50.1,37.28,35.18,,,,,,,,,
,,8213449624095562,,,,,,,,,,,,,,,
22/08/2026,05-15075-03881,1122340803996908,2,34.3,28.96,15.13,13.83,40.32,,,,,,,,,
23/08/2026,09-15070-42021,8214323175685562,1,13.29,10.38,6.26,4.12,31.00,,,,,,,,,
23/08/2026,08-15072-13259,3076000935441923,1,11.85,9.34,4.35,4.99,42.11,,,,,,,,,
23/08/2026,21-15049-98075,3075746820405828,1,31.49,24.12,15.78,8.34,26.48,,,,,,,,,
23/08/2026,01-15088-14470,3076153823051923,1,11.49,9.05,3.9,5.15,44.82,,,,,,,,,
23/08/2026,20-15052-24498,3076299033381923,1,12.99,10.75,5.28,5.47,42.11,,,,,,,,,
24/08/2026,23-15050-56857,3075883155261923,1,11.85,9.06,4.35,4.71,39.75,,,,,,,,,
24/08/2026,06-15081-56239,3075577848821923,1,11.99,9.6,5.78,3.82,31.86,,,,,,,,,
24/08/2026,05-15083-99728,3076177343081923,1,19.99,14.75,7.92,6.83,34.17,,,,,,,,,
24/08/2026,20-15057-12756,3076181347271923,1,11.85,9.06,4.25,4.81,40.59,,,,,,,,,
24/08/2026,02-15090-59599,202-0196976-9064307,1,15.15,12.46,9.99,2.47,16.30,,,,,,,,,
25/08/2026,02-15092-72677,8214107322485562,1,43.49,35.27,24.44,10.83,24.90,,,,,,,,,
25/08/2026,07-15084-01612,8213541389015562,1,26.99,20.93,14.57,6.36,23.56,,,,,,,,,
25/08/2026,18-15064-44666,3076356073141923,3,17.97,13.27,6.48,6.79,37.79,,,,,,,,,
25/08/2026,11-15077-99815,3075810100861923,1,11.99,9.23,5.44,3.79,31.61,,,,,,,,,
26/08/2026,14-15073-74436,8213527768765562,2,29.18,21.96,13.2,8.76,30.02,,,,,,,,,
26/08/2026,09-15083-77593,3075621844431923,1,9.85,7.58,3.95,3.63,36.85,,,,,,,,,
26/08/2026,19-15066-49621,3076237824891923,2,9.34,7.19,3.81,3.38,36.19,,,,,,,,,
26/08/2026,26-15054-06324,3076238463121923,1,11.85,9.06,4.39,4.67,39.41,,,,,,,,,
26/08/2026,15-15074-02384,8214141086505562,1,18.99,14.58,11.79,2.79,14.69,,,,,,,,,
26/08/2026,02-15098-45117,3075797055811923,1,16.99,13.29,5.35,7.94,46.73,,,,,,,,,
26/08/2026,14-15076-67340,8214143320135562,1,13.75,10.43,8.17,2.26,16.44,,,,,,,,,
26/08/2026,15-15074-92935,8213496811565562,1,40.75,31.06,24.6,6.46,15.85,,,,,,,,,
26/08/2026,04-15095-22930,3075804417041923,1,8.99,6.87,4.14,2.73,30.37,,,,,,,,,
26/08/2026,08-15088-14239,8214442533685562,1,8.85,6.66,4.4,2.26,25.54,,,,,,,,,
27/08/2026,15-15075-89689,3075649604611923,1,10.44,7.67,6.55,1.12,10.73,,,,,,,,,
27/08/2026,25-15059-26966,3075962677691923,1,8.99,6.87,3.81,3.06,34.04,Partial Refund: missing items,,,,,,,,
27/08/2026,12-15082-66640,3075963553321923,1,4.75,3.49,1.61,1.88,39.58,,,,,,,,,
27/08/2026,20-15068-50556,8214293906225562,1,43.49,35.27,27.63,7.64,17.57,,,,,,,,,
27/08/2026,03-15099-69454,3076259181921923,1,11.85,9.06,4.38,4.68,39.49,,,,,,,,,
27/08/2026,18-15074-22055,3075989323081923,1,11.49,8.78,4.48,4.3,37.42,,,,,,,,,
27/08/2026,13-15084-12022,3076274222541923,1,10.99,8.36,4.36,4,36.40,,,,,,,,,
28/08/2026,01-15107-91385,8214182840585562,1,16.75,13.59,11.63,1.96,11.70,,,,,,,,,
28/08/2026,09-15093-65234,3075880507801923,1,12.99,9.81,5.45,4.36,33.56,,,,,,,,,
28/08/2026,04-15103-72326,8213546337435562,1,12.99,9.73,8.09,1.64,12.63,,,,,,,,,
28/08/2026,25-15066-74912,8213592320305562,1,15.25,11.13,7.58,3.55,23.28,,,,,,,,,
28/08/2026,03-15106-88267,8213800353535562,1,14.99,11.41,9.29,2.12,14.14,,,,,,,,,
28/08/2026,23-15070-66728,8214332462015562,1,34.99,27.87,18.58,9.29,26.55,,,,,,,,,
29/08/2026,24-15084-09819,3076018364921923,1,7.69,5.68,2.73,2.95,38.36,,,,,,,,,
29/08/2026,02-15110-71369,8213806031175562,1,16.99,13.29,9.29,4,23.54,,,,,,,,,
29/08/2026,27-15065-48168,8213642348585562,1,14.85,11.12,9.29,1.83,12.32,,,,,,,,,
29/08/2026,01-15114-05358,8213605921175562,1,15.75,12.38,10.79,1.59,10.10,,,,,,,,,
29/08/2026,12-15093-02772,3076031645311923,1,9.85,7.58,4.69,2.89,29.34,,,,,,,,,
29/08/2026,26-15068-52102,3076461277561923,1,8.99,6.87,3.79,3.08,34.26,,,,,,,,,
29/08/2026,15-15088-44777,3075873858711923,1,4.75,3.49,1.69,1.8,37.89,,,,,,,,,
30/08/2026,01-15115-75133,026-4622883-9649952,1,10.69,8.79,6.99,1.8,16.84,,,,,,,,,
30/08/2026,02-15113-07799,8214712312105562,2,32.74,25.48,15.88,9.6,29.32,,,,,,,,,
30/08/2026,15-15090-35826,1122566709776908,1,34.99,27.87,16.18,11.69,33.41,,,,,,,,,
30/08/2026,12-15096-14691,3075747924481923,1,16.99,13.29,6.99,6.3,37.08,,,,,,,,,
30/08/2026,24-15090-61462,8214539257595562,1,40.99,34,21.59,12.41,30.28,,,,,,,,,
30/08/2026,19-15084-81148,8214539574935562,1,15.75,12.19,9.39,2.8,17.78,,,,,,,,,
30/08/2026,11-15099-59946,3075942345761923,1,11.85,9.06,4.69,4.37,36.88,,,,,,,,,
31/08/2026,05-15113-98697,3075910493781923,1,14.85,11.12,7.21,3.91,26.33,,,,,,,,,
31/08/2026,27-15075-38294,3076067078841923,1,5.75,4.16,1.18,2.98,51.83,,,,,,,,,
31/08/2026,20-15088-15234,3076068437201923,1,12.99,10.19,4.11,6.08,46.81,,,,,,,,,
31/08/2026,06-15114-00210,3075947541361923,1,11.85,9.06,4.69,4.37,36.88,,,,,,,,,
,,,,,,,,,,,,,,,,,
,,,,,,,,,,,,,,,,,
,Monthly Report,,,,,,,,,,,,,,,,
,Sale,3144.78,,,,,,,,,,,,,,,
,Earning,2333.7,,,,,,,,,,,,,,,
,Quantity Sold,197,,,,,,,,,,,,,,,
,Order Placed,179,,,,,,,,,,,,,,,
,Gross Profit,958.96,,,,,,,,,,,,,,,
,ROI,30.49,,,,,,,,,,,,,,,
,Loss,-50.96,,,,,,,,,,,,,,,
,Profit,908,,,,,,,,,,,,,,,
,,,,,,,,,,,,,,,,,
,,,,,,,,,,,,,,,,,
,,,,,,,,,,,,,,,,,
,Payment in UBL plz,,,,,,,,,,,,,,,,